{"cameraMode":{"drawMode":0,"name":"Shaded","section":"Shading Mode"},"sceneLighting":true,"audioPlay":false,"sceneViewState":{"showFog":true,"showMaterialUpdate":false,"showSkybox":true,"showFlares":true,"showImageEffects":true,"showParticleSystems":true},"in2DMode":false,"pivot":{"x":-12.543119430541993,"y":18.351877212524415,"z":-19.745708465576173},"rotation":{"x":0.27314624190330508,"y":0.3196299076080322,"z":-0.09677542746067047,"w":0.9021438360214233},"size":0.8660253882408142,"orthographic":false}